{"cameraMode":{"drawMode":0,"name":"Shaded","section":"Shading Mode"},"sceneLighting":true,"audioPlay":false,"sceneViewState":{"m_AlwaysRefresh":false,"showFog":true,"showSkybox":true,"showFlares":true,"showImageEffects":true,"showParticleSystems":true,"showVisualEffectGraphs":true,"m_FxEnabled":false},"in2DMode":false,"pivot":{"x":0.08024030178785324,"y":1.4098788499832154,"z":0.30367740988731387},"rotation":{"x":0.2658221125602722,"y":-0.6020497679710388,"z":0.22251947224140168,"w":0.7193244695663452},"size":0.34481561183929446,"orthographic":true}