{"cameraMode":{"drawMode":0,"name":"Shaded","section":"Shading Mode"},"sceneLighting":true,"audioPlay":false,"sceneViewState":{"m_AlwaysRefresh":false,"showFog":true,"showSkybox":true,"showFlares":true,"showImageEffects":true,"showParticleSystems":true,"showVisualEffectGraphs":true,"m_FxEnabled":false},"in2DMode":false,"pivot":{"x":0.2017589658498764,"y":1.0344535112380982,"z":0.3075484335422516},"rotation":{"x":0.03698345646262169,"y":0.9627999067306519,"z":-0.17849411070346833,"w":0.19948390126228333},"size":1.0713908672332764,"orthographic":false}